<upload>
  <directories>
    <directory>/2002</directory>
    <directory>/2002/Jan</directory>
    <directory>/2002/Feb</directory>
    <directory>/2002/Mar</directory>
    <directory>/2002/Apr</directory>
    <directory>/2002/May</directory>
    <directory>/2002/Jun</directory>
    <directory>/2002/Jul</directory>
    <directory>/2002/Aug</directory>
    <directory>/2002/Sep</directory>
    <directory>/2002/Oct</directory>
    <directory>/2002/Nov</directory>
    <directory>/2002/Dec</directory>
  </directories>
  <files>
    <file>/2002/Apr/AMCEWEN-20021009123336171PDT.xml</file>
    <file>/2002/Apr/AMCEWEN-20021009123336271PDT.xml</file>
    <file>/2002/Apr/EABEL-20021009123336251PDT.xml</file>
    <file>/2002/Apr/PTUCKER-20021009123336191PDT.xml</file>
    <file>/2002/Apr/PTUCKER-20021009123336291PDT.xml</file>
    <file>/2002/Apr/SBELL-20021009123336231PDT.xml</file>
    <file>/2002/Apr/SBELL-20021009123336331PDT.xml</file>
    <file>/2002/Apr/SKING-20021009123336321PDT.xml</file>
    <file>/2002/Apr/SMCCAIN-20021009123336151PDT.xml</file>
    <file>/2002/Apr/SMCCAIN-20021009123336341PDT.xml</file>
    <file>/2002/Apr/VJONES-20021009123336301PDT.xml</file>
    <file>/2002/Aug/AWALSH-20021009123337203PDT.xml</file>
    <file>/2002/Aug/AWALSH-20021009123337303PDT.xml</file>
    <file>/2002/Aug/CJOHNSON-20021009123337283PDT.xml</file>
    <file>/2002/Aug/DAUSTIN-20021009123337103PDT.xml</file>
    <file>/2002/Aug/JCHEN-20021009123337123PDT.xml</file>
    <file>/2002/Aug/JCHEN-20021009123337223PDT.xml</file>
    <file>/2002/Aug/LSMITH-20021009123337323PDT.xml</file>
    <file>/2002/Aug/SBELL-20021009123337353PDT.xml</file>
    <file>/2002/Aug/SKING-20021009123337153PDT.xml</file>
    <file>/2002/Aug/SMCCAIN-20021009123337173PDT.xml</file>
    <file>/2002/Aug/TFOX-20021009123337243PDT.xml</file>
    <file>/2002/Dec/AMCEWEN-20021009123338445PDT.xml</file>
    <file>/2002/Dec/CJOHNSON-20021009123338595PDT.xml</file>
    <file>/2002/Dec/DAUSTIN-20021009123338645PDT.xml</file>
    <file>/2002/Dec/EABEL-20021009123338324PDT.xml</file>
    <file>/2002/Dec/JCHEN-20021009123338475PDT.xml</file>
    <file>/2002/Dec/LSMITH-20021009123338535PDT.xml</file>
    <file>/2002/Dec/PTUCKER-20021009123338565PDT.xml</file>
    <file>/2002/Dec/SBELL-20021009123338304PDT.xml</file>
    <file>/2002/Dec/SBELL-20021009123338505PDT.xml</file>
    <file>/2002/Dec/TFOX-20021009123338354PDT.xml</file>
    <file>/2002/Dec/VJONES-20021009123338374PDT.xml</file>
    <file>/2002/Feb/AMCEWEN-20021009123335600PDT.xml</file>
    <file>/2002/Feb/AMCEWEN-20021009123335701PDT.xml</file>
    <file>/2002/Feb/DAUSTIN-20021009123335811PDT.xml</file>
    <file>/2002/Feb/EABEL-20021009123335791PDT.xml</file>
    <file>/2002/Feb/PTUCKER-20021009123335721PDT.xml</file>
    <file>/2002/Feb/PTUCKER-20021009123335821PDT.xml</file>
    <file>/2002/Feb/SBELL-20021009123335771PDT.xml</file>
    <file>/2002/Feb/SMCCAIN-20021009123335681PDT.xml</file>
    <file>/2002/Feb/WSMITH-20021009123335650PDT.xml</file>
    <file>/2002/Feb/WSMITH-20021009123335741PDT.xml</file>
    <file>/2002/Feb/WSMITH-20021009123335751PDT.xml</file>
    <file>/2002/Jan/AMCEWEN-20021009123335370PDT.xml</file>
    <file>/2002/Jan/AWALSH-2002100912333570PDT.xml</file>
    <file>/2002/Jan/CJOHNSON-20021009123335170PDT.xml</file>
    <file>/2002/Jan/LSMITH-20021009123335500PDT.xml</file>
    <file>/2002/Jan/PTUCKER-20021009123335430PDT.xml</file>
    <file>/2002/Jan/SBELL-20021009123335280PDT.xml</file>
    <file>/2002/Jan/SKING-20021009123335560PDT.xml</file>
    <file>/2002/Jan/SMCCAIN-20021009123335470PDT.xml</file>
    <file>/2002/Jan/TFOX-20021009123335520PDT.xml</file>
    <file>/2002/Jan/VJONES-20021009123335350PDT.xml</file>
    <file>/2002/Jan/WSMITH-20021009123335450PDT.xml</file>
    <file>/2002/Jul/AMCEWEN-20021009123336902PDT.xml</file>
    <file>/2002/Jul/CJOHNSON-2002100912333783PDT.xml</file>
    <file>/2002/Jul/DAUSTIN-2002100912333702PDT.xml</file>
    <file>/2002/Jul/DAUSTIN-2002100912333742PDT.xml</file>
    <file>/2002/Jul/LSMITH-2002100912333722PDT.xml</file>
    <file>/2002/Jul/SBELL-2002100912333763PDT.xml</file>
    <file>/2002/Jul/SKING-20021009123336952PDT.xml</file>
    <file>/2002/Jul/SMCCAIN-20021009123336972PDT.xml</file>
    <file>/2002/Jul/TFOX-20021009123336872PDT.xml</file>
    <file>/2002/Jul/TFOX-20021009123336912PDT.xml</file>
    <file>/2002/Jul/VJONES-20021009123336932PDT.xml</file>
    <file>/2002/Jun/AMCEWEN-20021009123336762PDT.xml</file>
    <file>/2002/Jun/AWALSH-20021009123336642PDT.xml</file>
    <file>/2002/Jun/CJOHNSON-20021009123336712PDT.xml</file>
    <file>/2002/Jun/LSMITH-20021009123336852PDT.xml</file>
    <file>/2002/Jun/SKING-20021009123336622PDT.xml</file>
    <file>/2002/Jun/SKING-20021009123336822PDT.xml</file>
    <file>/2002/Jun/SMCCAIN-20021009123336842PDT.xml</file>
    <file>/2002/Jun/TFOX-20021009123336582PDT.xml</file>
    <file>/2002/Jun/TFOX-20021009123336782PDT.xml</file>
    <file>/2002/Jun/VJONES-20021009123336602PDT.xml</file>
    <file>/2002/Jun/VJONES-20021009123336802PDT.xml</file>
    <file>/2002/Mar/AWALSH-20021009123335871PDT.xml</file>
    <file>/2002/Mar/AWALSH-20021009123335911PDT.xml</file>
    <file>/2002/Mar/AWALSH-20021009123336101PDT.xml</file>
    <file>/2002/Mar/CJOHNSON-20021009123335851PDT.xml</file>
    <file>/2002/Mar/DAUSTIN-20021009123335931PDT.xml</file>
    <file>/2002/Mar/JCHEN-20021009123335961PDT.xml</file>
    <file>/2002/Mar/LSMITH-2002100912333661PDT.xml</file>
    <file>/2002/Mar/SBELL-2002100912333601PDT.xml</file>
    <file>/2002/Mar/SKING-20021009123336131PDT.xml</file>
    <file>/2002/Mar/TFOX-2002100912333681PDT.xml</file>
    <file>/2002/Mar/VJONES-20021009123335971PDT.xml</file>
    <file>/2002/May/CJOHNSON-20021009123336482PDT.xml</file>
    <file>/2002/May/EABEL-20021009123336382PDT.xml</file>
    <file>/2002/May/JCHEN-20021009123336462PDT.xml</file>
    <file>/2002/May/LSMITH-20021009123336562PDT.xml</file>
    <file>/2002/May/PTUCKER-20021009123336452PDT.xml</file>
    <file>/2002/May/SBELL-20021009123336362PDT.xml</file>
    <file>/2002/May/SBELL-20021009123336532PDT.xml</file>
    <file>/2002/May/SKING-20021009123336392PDT.xml</file>
    <file>/2002/May/SMCCAIN-20021009123336512PDT.xml</file>
    <file>/2002/May/VJONES-20021009123336502PDT.xml</file>
    <file>/2002/May/WSMITH-20021009123336412PDT.xml</file>
    <file>/2002/Nov/AWALSH-20021009123337954PDT.xml</file>
    <file>/2002/Nov/AWALSH-2002100912333844PDT.xml</file>
    <file>/2002/Nov/CJOHNSON-20021009123338124PDT.xml</file>
    <file>/2002/Nov/CJOHNSON-2002100912333824PDT.xml</file>
    <file>/2002/Nov/LSMITH-20021009123338234PDT.xml</file>
    <file>/2002/Nov/SBELL-20021009123338204PDT.xml</file>
    <file>/2002/Nov/SKING-20021009123337974PDT.xml</file>
    <file>/2002/Nov/SKING-20021009123338294PDT.xml</file>
    <file>/2002/Nov/SMCCAIN-2002100912333894PDT.xml</file>
    <file>/2002/Nov/TFOX-20021009123337994PDT.xml</file>
    <file>/2002/Nov/WSMITH-20021009123338154PDT.xml</file>
    <file>/2002/Oct/AMCEWEN-20021009123337874PDT.xml</file>
    <file>/2002/Oct/DAUSTIN-20021009123337613PDT.xml</file>
    <file>/2002/Oct/JCHEN-20021009123337633PDT.xml</file>
    <file>/2002/Oct/JCHEN-20021009123337733PDT.xml</file>
    <file>/2002/Oct/JCHEN-20021009123337764PDT.xml</file>
    <file>/2002/Oct/SBELL-20021009123337673PDT.xml</file>
    <file>/2002/Oct/SKING-20021009123337703PDT.xml</file>
    <file>/2002/Oct/TFOX-20021009123337653PDT.xml</file>
    <file>/2002/Oct/TFOX-20021009123337784PDT.xml</file>
    <file>/2002/Oct/VJONES-20021009123337814PDT.xml</file>
    <file>/2002/Oct/WSMITH-20021009123337924PDT.xml</file>
    <file>/2002/Sep/AWALSH-20021009123337483PDT.xml</file>
    <file>/2002/Sep/DAUSTIN-20021009123337423PDT.xml</file>
    <file>/2002/Sep/DAUSTIN-20021009123337553PDT.xml</file>
    <file>/2002/Sep/JCHEN-20021009123337443PDT.xml</file>
    <file>/2002/Sep/SKING-20021009123337383PDT.xml</file>
    <file>/2002/Sep/SKING-20021009123337503PDT.xml</file>
    <file>/2002/Sep/SMCCAIN-20021009123337403PDT.xml</file>
    <file>/2002/Sep/TFOX-20021009123337463PDT.xml</file>
    <file>/2002/Sep/TFOX-20021009123337563PDT.xml</file>
    <file>/2002/Sep/VJONES-20021009123337363PDT.xml</file>
    <file>/2002/Sep/VJONES-20021009123337583PDT.xml</file>
  </files>
</upload>